5647,harrison,jones,12/12/2010,38 Tiny Street,23948439234,Male,Leeman
1119,charles,iqwe83489,10/10/2005,111 Overdale Road,4923893489,Male,Leeman
6466,Alfie,Canterdale,12/03/2006,77 Caithness Road,7932706615,Male,Leeman
8404,Karl,Gantt,29/06/2005,32 Camden Street,7753527244,Male,Leeman
4850,John,Coates,20/03/2004,20 City Walls Rd,7949160045,Male,Leeman
8403,Georgia ,James,15/08/2003,86 Whitby Road,7770829739,Female,Leeman
8580,Charlotte,Hart,30/12/2006,57 Prestwick Road,7977273755,Female,Leeman
2049,Archie,Barber,12/01/2005,19 Wade Lane,7969492501,Male,Leeman
2849,Ellis,Lane,20/05/2008,66 Helland Bridge,7084608117,Male,Leeman
8539,Elizabeth,Gordon,09/02/2007,51 Harrogate Road,7886789940,Female,Leeman
4428,Imogen,Gardiner,25/06/2003,28 Old Edinburgh Road,7980197608,Female,Leeman
3229,Grace,Law,26/05/2007,64 St Andrews Lane,7859532001,Female,Leeman
6728,Christopher,Birch,28/08/2004,64 Rowland Rd,7060876761,Male,Leeman
3636,Jay,Higgins,12/10/2007,18 Annfield Rd,7076964295,Male,Leeman
2296,Luke,Stone,05/01/2004,89 Cambridge Road,7727117748,Male,Leeman
6853,Mason,Doyle,04/05/2008,56 Gloddaeth Street,7810997562,Male,Leeman
5809,Matilda,Davey,29/09/2006,89 Dunmow Road,7777101999,Female,Leeman
1172,Mia,Freeman,04/06/2007,93 Walwyn Rd,7960142660,Female,Leeman
7274,Garbiel,Less,11/12/2006,31 Wade Lane,7880339967,Male,Leeman
1016,Sarah,John,27/01/2006,55 Preston Rd,7940421563,Female,Leeman
6568,Henry,Gregory,17/07/2005,20 Fordham Rd,7881597470,Male,Leeman
5911,Josh,Francis,06/05/2008,10 Cloch Rd,7056718747,Male,Leeman
7061,Sophia,Clayton,07/04/2006,49 Telford Street,7756820391,Female,Leeman
7385,Madeleine,Robson,20/05/2003,57 Guild Street,7960248840,Female,Leeman
4093,Leon,Slater,11/04/2005,92 Davids Lane,7031339441,Male,Leeman

